[
  {
    "_id": "5c388743652847e8cf58b4f3",
    "index": 0,
    "guid": "3545512e-4658-4b36-99e5-8f5b0e6ed416",
    "isActive": false,
    "picture": "http://placehold.it/32x32",
    "age": 33,
    "eyeColor": "brown",
    "name": "Alissa Callahan",
    "gender": "female",
    "company": "CINCYR",
    "email": "alissacallahan@cincyr.com",
    "phone": "+1 (888) 413-2220",
    "address": "466 Hendrickson Place, Harrison, Hawaii, 5442",
    "about": "Irure duis sunt enim Lorem adipisicing esse fugiat in tempor. Mollit culpa mollit elit veniam cillum. Irure id do dolor tempor reprehenderit exercitation incididunt cupidatat irure quis aliqua. Nostrud ut ea sit tempor velit ex mollit qui. Commodo et veniam cupidatat veniam eiusmod magna Lorem fugiat aliqua sit reprehenderit elit aliqua.\r\n",
    "registered": "2016-10-04T03:21:47 -07:00",
    "latitude": -58.226238,
    "longitude": 173.119055,
    "tags": [
      "enim",
      "do",
      "labore",
      "nisi",
      "veniam",
      "magna",
      "velit"
    ],
    "friends": [
      {
        "id": 0,
        "name": "Fernandez Byrd",
        "balance": 3501.69
      },
      {
        "id": 1,
        "name": "Evangeline Pierce",
        "balance": 2080.68
      },
      {
        "id": 2,
        "name": "Tara Dorsey",
        "balance": 2227.21
      }
    ],
    "greeting": "Hello, Alissa Callahan! You have 10 unread messages.",
    "favoriteFruit": "strawberry"
  },
  {
    "_id": "5c388743bd4f54e6e12e13fa",
    "index": 1,
    "guid": "7c229316-e7da-4fee-aee3-8158a11d03f0",
    "isActive": false,
    "picture": "http://placehold.it/32x32",
    "age": 24,
    "eyeColor": "blue",
    "name": "Ila Solis",
    "gender": "female",
    "company": "MUSANPOLY",
    "email": "ilasolis@musanpoly.com",
    "phone": "+1 (980) 565-3199",
    "address": "146 Covert Street, Dola, Arkansas, 1319",
    "about": "Sit excepteur cillum commodo pariatur tempor. Proident nulla enim in laborum. Eiusmod dolor consectetur occaecat ut elit incididunt ea consequat laborum ad. Quis non voluptate occaecat minim aliqua sint Lorem qui aliquip tempor minim laboris nulla. Ex ullamco anim ullamco adipisicing. Occaecat culpa nostrud eiusmod voluptate do mollit dolor.\r\n",
    "registered": "2015-05-23T11:57:24 -07:00",
    "latitude": 29.298087,
    "longitude": 134.220237,
    "tags": [
      "minim",
      "ad",
      "est",
      "nisi",
      "aliqua",
      "labore",
      "commodo"
    ],
    "friends": [
      {
        "id": 0,
        "name": "Marion Randall",
        "balance": 3252.33
      },
      {
        "id": 1,
        "name": "Lowe Leon",
        "balance": 2195.1
      },
      {
        "id": 2,
        "name": "Cathryn Acosta",
        "balance": 2212.47
      },
      {
        "id": 3,
        "name": "Lenore Wiggins",
        "balance": 3357.48
      }
    ],
    "greeting": "Hello, Ila Solis! You have 1 unread messages.",
    "favoriteFruit": "strawberry"
  },
  {
    "_id": "5c38874395fe38f85dba382e",
    "index": 2,
    "guid": "f9536bb7-5869-475a-80fa-ebd08ddf652d",
    "isActive": true,
    "picture": "http://placehold.it/32x32",
    "age": 24,
    "eyeColor": "blue",
    "name": "Barton Mckinney",
    "gender": "male",
    "company": "TROPOLI",
    "email": "bartonmckinney@tropoli.com",
    "phone": "+1 (823) 403-2064",
    "address": "880 Herkimer Place, Cochranville, Pennsylvania, 340",
    "about": "Proident velit duis est laboris adipisicing cupidatat ea dolor ex est. Consectetur aliquip elit est dolor tempor velit quis sunt cillum. Exercitation cillum consequat consectetur sunt adipisicing sint laboris tempor mollit. Officia aliqua ex qui dolore duis do dolore commodo tempor non dolor amet sunt. Minim ullamco ea et pariatur cupidatat eu quis nisi commodo.\r\n",
    "registered": "2018-07-16T12:02:25 -07:00",
    "latitude": 83.803587,
    "longitude": -43.591543,
    "tags": [
      "exercitation",
      "proident",
      "eu",
      "sit",
      "aliquip",
      "magna",
      "est"
    ],
    "friends": [
      {
        "id": 0,
        "name": "Maxwell Blevins",
        "balance": 2496.33
      },
      {
        "id": 1,
        "name": "Gracie Conner",
        "balance": 3425.92
      },
      {
        "id": 2,
        "name": "Tamera Quinn",
        "balance": 1987.95
      },
      {
        "id": 3,
        "name": "Madden Allison",
        "balance": 3171.09
      }
    ],
    "greeting": "Hello, Barton Mckinney! You have 4 unread messages.",
    "favoriteFruit": "banana"
  },
  {
    "_id": "5c3887435d747362ccc5c064",
    "index": 3,
    "guid": "496fdc2c-287c-4f7f-b1ed-5afeeb782386",
    "isActive": false,
    "picture": "http://placehold.it/32x32",
    "age": 27,
    "eyeColor": "blue",
    "name": "Janell Lancaster",
    "gender": "female",
    "company": "HOMETOWN",
    "email": "janelllancaster@hometown.com",
    "phone": "+1 (808) 547-2257",
    "address": "621 Fayette Street, Caberfae, Delaware, 1397",
    "about": "Voluptate mollit minim voluptate id dolor duis fugiat excepteur aute. Ut labore elit adipisicing ea minim eu pariatur quis magna aliqua fugiat sit. In eu minim adipisicing nostrud laborum. Laborum do et eu nostrud consequat dolor esse proident aliquip cillum est quis. Minim officia ipsum tempor laborum nostrud sunt cupidatat in. Commodo cupidatat ipsum amet voluptate sunt officia veniam velit.\r\n",
    "registered": "2017-11-13T05:43:55 -07:00",
    "latitude": 15.710184,
    "longitude": 113.720019,
    "tags": [
      "non",
      "adipisicing",
      "fugiat",
      "ipsum",
      "mollit",
      "sint",
      "aliquip"
    ],
    "friends": [
      {
        "id": 0,
        "name": "Barlow York",
        "balance": 2129.25
      },
      {
        "id": 1,
        "name": "Mcdaniel Carney",
        "balance": 1216.62
      }
    ],
    "greeting": "Hello, Janell Lancaster! You have 8 unread messages.",
    "favoriteFruit": "banana"
  },
  {
    "_id": "5c3887437dce10d6d3b78f55",
    "index": 4,
    "guid": "8fdf42a9-13df-4223-bd47-19f99782a72a",
    "isActive": false,
    "picture": "http://placehold.it/32x32",
    "age": 33,
    "eyeColor": "brown",
    "name": "Rae Houston",
    "gender": "female",
    "company": "LUNCHPOD",
    "email": "raehouston@lunchpod.com",
    "phone": "+1 (936) 521-2035",
    "address": "602 Colonial Court, Lisco, Puerto Rico, 1686",
    "about": "Laboris quis elit amet elit nisi sint quis tempor ipsum aliqua dolore incididunt mollit amet. Ex enim nisi elit proident sit exercitation ullamco ullamco ex adipisicing aute ut. Incididunt Lorem sunt consequat amet. Ex aute consectetur laboris velit nostrud in qui id. Ut cillum do tempor pariatur fugiat commodo consectetur nostrud cupidatat sunt quis do et esse.\r\n",
    "registered": "2017-02-09T12:41:00 -07:00",
    "latitude": 61.332123,
    "longitude": 110.224909,
    "tags": [
      "incididunt",
      "ut",
      "enim",
      "laboris",
      "duis",
      "pariatur",
      "tempor"
    ],
    "friends": [
      {
        "id": 0,
        "name": "Reese Vega",
        "balance": 2350.61
      },
      {
        "id": 1,
        "name": "Marva Hewitt",
        "balance": 1013.84
      },
      {
        "id": 2,
        "name": "Marks Dennis",
        "balance": 1752.75
      },
      {
        "id": 3,
        "name": "Mann Bell",
        "balance": 1300.43
      }
    ],
    "greeting": "Hello, Rae Houston! You have 3 unread messages.",
    "favoriteFruit": "strawberry"
  },
  {
    "_id": "5c388743fde60e91ef4a35fe",
    "index": 5,
    "guid": "66527d41-b841-46b1-98e3-fad1c7b06a2e",
    "isActive": false,
    "picture": "http://placehold.it/32x32",
    "age": 21,
    "eyeColor": "green",
    "name": "Sherrie Long",
    "gender": "female",
    "company": "PEARLESEX",
    "email": "sherrielong@pearlesex.com",
    "phone": "+1 (886) 577-3215",
    "address": "156 Battery Avenue, Tonopah, Nevada, 8402",
    "about": "Et proident reprehenderit tempor aliqua anim pariatur id sunt. Id magna voluptate minim irure quis minim dolor deserunt duis. In velit ad mollit enim velit nulla sunt eu cupidatat aliqua. Non nulla duis proident ut.\r\n",
    "registered": "2018-08-22T07:53:35 -07:00",
    "latitude": 14.757354,
    "longitude": -7.888742,
    "tags": [
      "est",
      "excepteur",
      "ex",
      "proident",
      "nostrud",
      "laborum",
      "ipsum"
    ],
    "friends": [
      {
        "id": 0,
        "name": "Howard Guerrero",
        "balance": 3284.75
      },
      {
        "id": 1,
        "name": "Robin Powell",
        "balance": 2372.93
      },
      {
        "id": 2,
        "name": "Kristie Alston",
        "balance": 2029.47
      },
      {
        "id": 3,
        "name": "Leigh Cooper",
        "balance": 3355.64
      }
    ],
    "greeting": "Hello, Sherrie Long! You have 2 unread messages.",
    "favoriteFruit": "banana"
  }
]