[{"favoriteFruit":"strawberry","greeting":"Hello, Alissa Callahan! You have 10 unread messages.","friends":[{"balance":3501.69,"name":"Fernandez Byrd","id":0},{"balance":2080.68,"name":"Evangeline Pierce","id":1},{"balance":2227.21,"name":"Tara Dorsey","id":2}],"tags":["enim","do","labore","nisi","veniam","magna","velit"],"longitude":173.119055,"latitude":-58.226238,"registered":"2016-10-04T03:21:47 -07:00","about":"Irure duis sunt enim Lorem adipisicing esse fugiat in tempor. Mollit culpa mollit elit veniam cillum. Irure id do dolor tempor reprehenderit exercitation incididunt cupidatat irure quis aliqua. Nostrud ut ea sit tempor velit ex mollit qui. Commodo et veniam cupidatat veniam eiusmod magna Lorem fugiat aliqua sit reprehenderit elit aliqua.\r\n","address":"466 Hendrickson Place, Harrison, Hawaii, 5442","phone":"+1 (888) 413-2220","email":"alissacallahan@cincyr.com","company":"CINCYR","gender":"female","name":"Alissa Callahan","eyeColor":"brown","age":33,"picture":"http://placehold.it/32x32","isActive":false,"guid":"3545512e-4658-4b36-99e5-8f5b0e6ed416","index":0,"_id":"5c388743652847e8cf58b4f3"},{"favoriteFruit":"strawberry","greeting":"Hello, Ila Solis! You have 1 unread messages.","friends":[{"balance":3252.33,"name":"Marion Randall","id":0},{"balance":2195.1,"name":"Lowe Leon","id":1},{"balance":2212.47,"name":"Cathryn Acosta","id":2},{"balance":3357.48,"name":"Lenore Wiggins","id":3}],"tags":["minim","ad","est","nisi","aliqua","labore","commodo"],"longitude":134.220237,"latitude":29.298087,"registered":"2015-05-23T11:57:24 -07:00","about":"Sit excepteur cillum commodo pariatur tempor. Proident nulla enim in laborum. Eiusmod dolor consectetur occaecat ut elit incididunt ea consequat laborum ad. Quis non voluptate occaecat minim aliqua sint Lorem qui aliquip tempor minim laboris nulla. Ex ullamco anim ullamco adipisicing. Occaecat culpa nostrud eiusmod voluptate do mollit dolor.\r\n","address":"146 Covert Street, Dola, Arkansas, 1319","phone":"+1 (980) 565-3199","email":"ilasolis@musanpoly.com","company":"MUSANPOLY","gender":"female","name":"Ila Solis","eyeColor":"blue","age":24,"picture":"http://placehold.it/32x32","isActive":false,"guid":"7c229316-e7da-4fee-aee3-8158a11d03f0","index":1,"_id":"5c388743bd4f54e6e12e13fa"},{"favoriteFruit":"banana","greeting":"Hello, Barton Mckinney! You have 4 unread messages.","friends":[{"balance":2496.33,"name":"Maxwell Blevins","id":0},{"balance":3425.92,"name":"Gracie Conner","id":1},{"balance":1987.95,"name":"Tamera Quinn","id":2},{"balance":3171.09,"name":"Madden Allison","id":3}],"tags":["exercitation","proident","eu","sit","aliquip","magna","est"],"longitude":-43.591543,"latitude":83.803587,"registered":"2018-07-16T12:02:25 -07:00","about":"Proident velit duis est laboris adipisicing cupidatat ea dolor ex est. Consectetur aliquip elit est dolor tempor velit quis sunt cillum. Exercitation cillum consequat consectetur sunt adipisicing sint laboris tempor mollit. Officia aliqua ex qui dolore duis do dolore commodo tempor non dolor amet sunt. Minim ullamco ea et pariatur cupidatat eu quis nisi commodo.\r\n","address":"880 Herkimer Place, Cochranville, Pennsylvania, 340","phone":"+1 (823) 403-2064","email":"bartonmckinney@tropoli.com","company":"TROPOLI","gender":"male","name":"Barton Mckinney","eyeColor":"blue","age":24,"picture":"http://placehold.it/32x32","isActive":true,"guid":"f9536bb7-5869-475a-80fa-ebd08ddf652d","index":2,"_id":"5c38874395fe38f85dba382e"},{"favoriteFruit":"banana","greeting":"Hello, Janell Lancaster! You have 8 unread messages.","friends":[{"balance":2129.25,"name":"Barlow York","id":0},{"balance":1216.62,"name":"Mcdaniel Carney","id":1}],"tags":["non","adipisicing","fugiat","ipsum","mollit","sint","aliquip"],"longitude":113.720019,"latitude":15.710184,"registered":"2017-11-13T05:43:55 -07:00","about":"Voluptate mollit minim voluptate id dolor duis fugiat excepteur aute. Ut labore elit adipisicing ea minim eu pariatur quis magna aliqua fugiat sit. In eu minim adipisicing nostrud laborum. Laborum do et eu nostrud consequat dolor esse proident aliquip cillum est quis. Minim officia ipsum tempor laborum nostrud sunt cupidatat in. Commodo cupidatat ipsum amet voluptate sunt officia veniam velit.\r\n","address":"621 Fayette Street, Caberfae, Delaware, 1397","phone":"+1 (808) 547-2257","email":"janelllancaster@hometown.com","company":"HOMETOWN","gender":"female","name":"Janell Lancaster","eyeColor":"blue","age":27,"picture":"http://placehold.it/32x32","isActive":false,"guid":"496fdc2c-287c-4f7f-b1ed-5afeeb782386","index":3,"_id":"5c3887435d747362ccc5c064"},{"favoriteFruit":"strawberry","greeting":"Hello, Rae Houston! You have 3 unread messages.","friends":[{"balance":2350.61,"name":"Reese Vega","id":0},{"balance":1013.84,"name":"Marva Hewitt","id":1},{"balance":1752.75,"name":"Marks Dennis","id":2},{"balance":1300.43,"name":"Mann Bell","id":3}],"tags":["incididunt","ut","enim","laboris","duis","pariatur","tempor"],"longitude":110.224909,"latitude":61.332123,"registered":"2017-02-09T12:41:00 -07:00","about":"Laboris quis elit amet elit nisi sint quis tempor ipsum aliqua dolore incididunt mollit amet. Ex enim nisi elit proident sit exercitation ullamco ullamco ex adipisicing aute ut. Incididunt Lorem sunt consequat amet. Ex aute consectetur laboris velit nostrud in qui id. Ut cillum do tempor pariatur fugiat commodo consectetur nostrud cupidatat sunt quis do et esse.\r\n","address":"602 Colonial Court, Lisco, Puerto Rico, 1686","phone":"+1 (936) 521-2035","email":"raehouston@lunchpod.com","company":"LUNCHPOD","gender":"female","name":"Rae Houston","eyeColor":"brown","age":33,"picture":"http://placehold.it/32x32","isActive":false,"guid":"8fdf42a9-13df-4223-bd47-19f99782a72a","index":4,"_id":"5c3887437dce10d6d3b78f55"},{"favoriteFruit":"banana","greeting":"Hello, Sherrie Long! You have 2 unread messages.","friends":[{"balance":3284.75,"name":"Howard Guerrero","id":0},{"balance":2372.93,"name":"Robin Powell","id":1},{"balance":2029.47,"name":"Kristie Alston","id":2},{"balance":3355.64,"name":"Leigh Cooper","id":3}],"tags":["est","excepteur","ex","proident","nostrud","laborum","ipsum"],"longitude":-7.888742,"latitude":14.757354,"registered":"2018-08-22T07:53:35 -07:00","about":"Et proident reprehenderit tempor aliqua anim pariatur id sunt. Id magna voluptate minim irure quis minim dolor deserunt duis. In velit ad mollit enim velit nulla sunt eu cupidatat aliqua. Non nulla duis proident ut.\r\n","address":"156 Battery Avenue, Tonopah, Nevada, 8402","phone":"+1 (886) 577-3215","email":"sherrielong@pearlesex.com","company":"PEARLESEX","gender":"female","name":"Sherrie Long","eyeColor":"green","age":21,"picture":"http://placehold.it/32x32","isActive":false,"guid":"66527d41-b841-46b1-98e3-fad1c7b06a2e","index":5,"_id":"5c388743fde60e91ef4a35fe"}]